label,value
Name,John Doe
Age,29
Occupation,Software Engineer
Country,USA
Hobby,Cycling
Name,John Doe
Age,29
Occupation,Software Engineer
Country,USA
Hobby,Cycling
Name,John Doe
Age,29
Occupation,Software Engineer
Country,USA
Hobby,Cycling
Name,John Doe
Age,29
Occupation,Software Engineer
Country,USA
Hobby,Cycling
Name,John Doe
Age,29
Occupation,Software Engineer
Country,USA
Hobby,Cycling
Name,John Doe
Age,29
Occupation,Software Engineer
Country,USA
Hobby,Cycling
Name,John Doe
Age,29
Occupation,Software Engineer
Country,USA
Hobby,Cycling
Name,John Doe
Age,29
Occupation,Software Engineer
Country,USA
Hobby,Cycling
Name,John Doe
Age,29
Occupation,Software Engineer
Country,USA
Hobby,Cycling